question,answer
What is your return policy?,You can return any item within 30 days of purchase for a full refund.
How long does shipping take?,Shipping usually takes 3-5 business days.
Do you ship internationally?,"Yes, we ship to most countries worldwide."
How can I track my order?,"Once your order is shipped, you will receive a tracking number via email."
What payment methods do you accept?,"We accept Visa, MasterCard, American Express, and PayPal."
How do I reset my password?,Click on 'Forgot Password' at login and follow the instructions.
Can I cancel my order?,"Yes, you can cancel your order within 24 hours of placing it."
How do I contact customer service?,You can reach us at support@example.com or call 1-800-123-4567.
Do you offer gift cards?,"Yes, we offer both physical and digital gift cards."
Is my personal information secure?,"Yes, we use encryption and secure servers to protect your data."
What is your return policy?,You can return any item within 30 days of purchase for a full refund.
How long does shipping take?,Shipping usually takes 3-5 business days.
Do you ship internationally?,"Yes, we ship to most countries worldwide."
How can I track my order?,"Once your order is shipped, you will receive a tracking number via email."
What payment methods do you accept?,"We accept Visa, MasterCard, American Express, and PayPal."
How do I reset my password?,Click on 'Forgot Password' at login and follow the instructions.
Can I cancel my order?,"Yes, you can cancel your order within 24 hours of placing it."
How do I contact customer service?,You can reach us at support@example.com or call 1-800-123-4567.
Do you offer gift cards?,"Yes, we offer both physical and digital gift cards."
Is my personal information secure?,"Yes, we use encryption and secure servers to protect your data."
What is your return policy?,You can return any item within 30 days of purchase for a full refund.
How long does shipping take?,Shipping usually takes 3-5 business days.
Do you ship internationally?,"Yes, we ship to most countries worldwide."
How can I track my order?,"Once your order is shipped, you will receive a tracking number via email."
What payment methods do you accept?,"We accept Visa, MasterCard, American Express, and PayPal."
How do I reset my password?,Click on 'Forgot Password' at login and follow the instructions.
Can I cancel my order?,"Yes, you can cancel your order within 24 hours of placing it."
How do I contact customer service?,You can reach us at support@example.com or call 1-800-123-4567.
Do you offer gift cards?,"Yes, we offer both physical and digital gift cards."
Is my personal information secure?,"Yes, we use encryption and secure servers to protect your data."
What is your return policy?,You can return any item within 30 days of purchase for a full refund.
How long does shipping take?,Shipping usually takes 3-5 business days.
Do you ship internationally?,"Yes, we ship to most countries worldwide."
How can I track my order?,"Once your order is shipped, you will receive a tracking number via email."
What payment methods do you accept?,"We accept Visa, MasterCard, American Express, and PayPal."
How do I reset my password?,Click on 'Forgot Password' at login and follow the instructions.
Can I cancel my order?,"Yes, you can cancel your order within 24 hours of placing it."
How do I contact customer service?,You can reach us at support@example.com or call 1-800-123-4567.
Do you offer gift cards?,"Yes, we offer both physical and digital gift cards."
Is my personal information secure?,"Yes, we use encryption and secure servers to protect your data."
What is your return policy?,You can return any item within 30 days of purchase for a full refund.
How long does shipping take?,Shipping usually takes 3-5 business days.
Do you ship internationally?,"Yes, we ship to most countries worldwide."
How can I track my order?,"Once your order is shipped, you will receive a tracking number via email."
What payment methods do you accept?,"We accept Visa, MasterCard, American Express, and PayPal."
How do I reset my password?,Click on 'Forgot Password' at login and follow the instructions.
Can I cancel my order?,"Yes, you can cancel your order within 24 hours of placing it."
How do I contact customer service?,You can reach us at support@example.com or call 1-800-123-4567.
Do you offer gift cards?,"Yes, we offer both physical and digital gift cards."
Is my personal information secure?,"Yes, we use encryption and secure servers to protect your data."
What is your return policy?,You can return any item within 30 days of purchase for a full refund.
How long does shipping take?,Shipping usually takes 3-5 business days.
Do you ship internationally?,"Yes, we ship to most countries worldwide."
How can I track my order?,"Once your order is shipped, you will receive a tracking number via email."
What payment methods do you accept?,"We accept Visa, MasterCard, American Express, and PayPal."
How do I reset my password?,Click on 'Forgot Password' at login and follow the instructions.
Can I cancel my order?,"Yes, you can cancel your order within 24 hours of placing it."
How do I contact customer service?,You can reach us at support@example.com or call 1-800-123-4567.
Do you offer gift cards?,"Yes, we offer both physical and digital gift cards."
Is my personal information secure?,"Yes, we use encryption and secure servers to protect your data."
What is your return policy?,You can return any item within 30 days of purchase for a full refund.
How long does shipping take?,Shipping usually takes 3-5 business days.
Do you ship internationally?,"Yes, we ship to most countries worldwide."
How can I track my order?,"Once your order is shipped, you will receive a tracking number via email."
What payment methods do you accept?,"We accept Visa, MasterCard, American Express, and PayPal."
How do I reset my password?,Click on 'Forgot Password' at login and follow the instructions.
Can I cancel my order?,"Yes, you can cancel your order within 24 hours of placing it."
How do I contact customer service?,You can reach us at support@example.com or call 1-800-123-4567.
Do you offer gift cards?,"Yes, we offer both physical and digital gift cards."
Is my personal information secure?,"Yes, we use encryption and secure servers to protect your data."
What is your return policy?,You can return any item within 30 days of purchase for a full refund.
How long does shipping take?,Shipping usually takes 3-5 business days.
Do you ship internationally?,"Yes, we ship to most countries worldwide."
How can I track my order?,"Once your order is shipped, you will receive a tracking number via email."
What payment methods do you accept?,"We accept Visa, MasterCard, American Express, and PayPal."
How do I reset my password?,Click on 'Forgot Password' at login and follow the instructions.
Can I cancel my order?,"Yes, you can cancel your order within 24 hours of placing it."
How do I contact customer service?,You can reach us at support@example.com or call 1-800-123-4567.
Do you offer gift cards?,"Yes, we offer both physical and digital gift cards."
Is my personal information secure?,"Yes, we use encryption and secure servers to protect your data."
What is your return policy?,You can return any item within 30 days of purchase for a full refund.
How long does shipping take?,Shipping usually takes 3-5 business days.
Do you ship internationally?,"Yes, we ship to most countries worldwide."
How can I track my order?,"Once your order is shipped, you will receive a tracking number via email."
What payment methods do you accept?,"We accept Visa, MasterCard, American Express, and PayPal."
How do I reset my password?,Click on 'Forgot Password' at login and follow the instructions.
Can I cancel my order?,"Yes, you can cancel your order within 24 hours of placing it."
How do I contact customer service?,You can reach us at support@example.com or call 1-800-123-4567.
Do you offer gift cards?,"Yes, we offer both physical and digital gift cards."
Is my personal information secure?,"Yes, we use encryption and secure servers to protect your data."
What is your return policy?,You can return any item within 30 days of purchase for a full refund.
How long does shipping take?,Shipping usually takes 3-5 business days.
Do you ship internationally?,"Yes, we ship to most countries worldwide."
How can I track my order?,"Once your order is shipped, you will receive a tracking number via email."
What payment methods do you accept?,"We accept Visa, MasterCard, American Express, and PayPal."
How do I reset my password?,Click on 'Forgot Password' at login and follow the instructions.
Can I cancel my order?,"Yes, you can cancel your order within 24 hours of placing it."
How do I contact customer service?,You can reach us at support@example.com or call 1-800-123-4567.
Do you offer gift cards?,"Yes, we offer both physical and digital gift cards."
Is my personal information secure?,"Yes, we use encryption and secure servers to protect your data."
What is your return policy?,You can return any item within 30 days of purchase for a full refund.
How long does shipping take?,Shipping usually takes 3-5 business days.
Do you ship internationally?,"Yes, we ship to most countries worldwide."
How can I track my order?,"Once your order is shipped, you will receive a tracking number via email."
What payment methods do you accept?,"We accept Visa, MasterCard, American Express, and PayPal."
How do I reset my password?,Click on 'Forgot Password' at login and follow the instructions.
Can I cancel my order?,"Yes, you can cancel your order within 24 hours of placing it."
How do I contact customer service?,You can reach us at support@example.com or call 1-800-123-4567.
Do you offer gift cards?,"Yes, we offer both physical and digital gift cards."
Is my personal information secure?,"Yes, we use encryption and secure servers to protect your data."
What is your return policy?,You can return any item within 30 days of purchase for a full refund.
How long does shipping take?,Shipping usually takes 3-5 business days.
Do you ship internationally?,"Yes, we ship to most countries worldwide."
How can I track my order?,"Once your order is shipped, you will receive a tracking number via email."
What payment methods do you accept?,"We accept Visa, MasterCard, American Express, and PayPal."
How do I reset my password?,Click on 'Forgot Password' at login and follow the instructions.
Can I cancel my order?,"Yes, you can cancel your order within 24 hours of placing it."
How do I contact customer service?,You can reach us at support@example.com or call 1-800-123-4567.
Do you offer gift cards?,"Yes, we offer both physical and digital gift cards."
Is my personal information secure?,"Yes, we use encryption and secure servers to protect your data."
What is your return policy?,You can return any item within 30 days of purchase for a full refund.
How long does shipping take?,Shipping usually takes 3-5 business days.
Do you ship internationally?,"Yes, we ship to most countries worldwide."
How can I track my order?,"Once your order is shipped, you will receive a tracking number via email."
What payment methods do you accept?,"We accept Visa, MasterCard, American Express, and PayPal."
How do I reset my password?,Click on 'Forgot Password' at login and follow the instructions.
Can I cancel my order?,"Yes, you can cancel your order within 24 hours of placing it."
How do I contact customer service?,You can reach us at support@example.com or call 1-800-123-4567.
Do you offer gift cards?,"Yes, we offer both physical and digital gift cards."
Is my personal information secure?,"Yes, we use encryption and secure servers to protect your data."
What is your return policy?,You can return any item within 30 days of purchase for a full refund.
How long does shipping take?,Shipping usually takes 3-5 business days.
Do you ship internationally?,"Yes, we ship to most countries worldwide."
How can I track my order?,"Once your order is shipped, you will receive a tracking number via email."
What payment methods do you accept?,"We accept Visa, MasterCard, American Express, and PayPal."
How do I reset my password?,Click on 'Forgot Password' at login and follow the instructions.
Can I cancel my order?,"Yes, you can cancel your order within 24 hours of placing it."
How do I contact customer service?,You can reach us at support@example.com or call 1-800-123-4567.
Do you offer gift cards?,"Yes, we offer both physical and digital gift cards."
Is my personal information secure?,"Yes, we use encryption and secure servers to protect your data."
What is your return policy?,You can return any item within 30 days of purchase for a full refund.
How long does shipping take?,Shipping usually takes 3-5 business days.
Do you ship internationally?,"Yes, we ship to most countries worldwide."
How can I track my order?,"Once your order is shipped, you will receive a tracking number via email."
What payment methods do you accept?,"We accept Visa, MasterCard, American Express, and PayPal."
How do I reset my password?,Click on 'Forgot Password' at login and follow the instructions.
Can I cancel my order?,"Yes, you can cancel your order within 24 hours of placing it."
How do I contact customer service?,You can reach us at support@example.com or call 1-800-123-4567.
Do you offer gift cards?,"Yes, we offer both physical and digital gift cards."
Is my personal information secure?,"Yes, we use encryption and secure servers to protect your data."
What is your return policy?,You can return any item within 30 days of purchase for a full refund.
How long does shipping take?,Shipping usually takes 3-5 business days.
Do you ship internationally?,"Yes, we ship to most countries worldwide."
How can I track my order?,"Once your order is shipped, you will receive a tracking number via email."
What payment methods do you accept?,"We accept Visa, MasterCard, American Express, and PayPal."
How do I reset my password?,Click on 'Forgot Password' at login and follow the instructions.
Can I cancel my order?,"Yes, you can cancel your order within 24 hours of placing it."
How do I contact customer service?,You can reach us at support@example.com or call 1-800-123-4567.
Do you offer gift cards?,"Yes, we offer both physical and digital gift cards."
Is my personal information secure?,"Yes, we use encryption and secure servers to protect your data."
What is your return policy?,You can return any item within 30 days of purchase for a full refund.
How long does shipping take?,Shipping usually takes 3-5 business days.
Do you ship internationally?,"Yes, we ship to most countries worldwide."
How can I track my order?,"Once your order is shipped, you will receive a tracking number via email."
What payment methods do you accept?,"We accept Visa, MasterCard, American Express, and PayPal."
How do I reset my password?,Click on 'Forgot Password' at login and follow the instructions.
Can I cancel my order?,"Yes, you can cancel your order within 24 hours of placing it."
How do I contact customer service?,You can reach us at support@example.com or call 1-800-123-4567.
Do you offer gift cards?,"Yes, we offer both physical and digital gift cards."
Is my personal information secure?,"Yes, we use encryption and secure servers to protect your data."
What is your return policy?,You can return any item within 30 days of purchase for a full refund.
How long does shipping take?,Shipping usually takes 3-5 business days.
Do you ship internationally?,"Yes, we ship to most countries worldwide."
How can I track my order?,"Once your order is shipped, you will receive a tracking number via email."
What payment methods do you accept?,"We accept Visa, MasterCard, American Express, and PayPal."
How do I reset my password?,Click on 'Forgot Password' at login and follow the instructions.
Can I cancel my order?,"Yes, you can cancel your order within 24 hours of placing it."
How do I contact customer service?,You can reach us at support@example.com or call 1-800-123-4567.
Do you offer gift cards?,"Yes, we offer both physical and digital gift cards."
Is my personal information secure?,"Yes, we use encryption and secure servers to protect your data."
What is your return policy?,You can return any item within 30 days of purchase for a full refund.
How long does shipping take?,Shipping usually takes 3-5 business days.
Do you ship internationally?,"Yes, we ship to most countries worldwide."
How can I track my order?,"Once your order is shipped, you will receive a tracking number via email."
What payment methods do you accept?,"We accept Visa, MasterCard, American Express, and PayPal."
How do I reset my password?,Click on 'Forgot Password' at login and follow the instructions.
Can I cancel my order?,"Yes, you can cancel your order within 24 hours of placing it."
How do I contact customer service?,You can reach us at support@example.com or call 1-800-123-4567.
Do you offer gift cards?,"Yes, we offer both physical and digital gift cards."
Is my personal information secure?,"Yes, we use encryption and secure servers to protect your data."
What is your return policy?,You can return any item within 30 days of purchase for a full refund.
How long does shipping take?,Shipping usually takes 3-5 business days.
Do you ship internationally?,"Yes, we ship to most countries worldwide."
How can I track my order?,"Once your order is shipped, you will receive a tracking number via email."
What payment methods do you accept?,"We accept Visa, MasterCard, American Express, and PayPal."
How do I reset my password?,Click on 'Forgot Password' at login and follow the instructions.
Can I cancel my order?,"Yes, you can cancel your order within 24 hours of placing it."
How do I contact customer service?,You can reach us at support@example.com or call 1-800-123-4567.
Do you offer gift cards?,"Yes, we offer both physical and digital gift cards."
Is my personal information secure?,"Yes, we use encryption and secure servers to protect your data."
